IDCLI;Professione;Capacita_d_ spsa;LTV;RFM_Score;Numero di Prodtti Aquistati negli ultimi 12 mesi;Eta;Tenure;LivelloDigitalizzazione;GrandCentr;Engagement;LifeCycle;margins12months;GreenSurveyScore;ultimoPDTAcquistato;PDTCategTotalSpending;score;TGT
1;Professionista;4;3;7;3;50;10;5;1;0,8;Lavoratore;1200;10;Caschetto;Protezione;0,82204074;1
2;Imprenditore;3;4;9;3;38;9;3;1;0,570753309;NeoGenitore;1208,179577;6,791390318;Bici Elettrica;Mobility;0,6055181;0
3;Impiegato;3;3;6;3;31;5;3;1;0,5494404;NeoLavoratore;430,9741843;7,899755227;guantini ;Protezione;0,761841663;1
4;Professionista;4;4;6;4;37;15;4;1;0,885688165;Lavoratore SINK;302,244136;6,343690075;Batteria;Componente;0,75518444;1
5;Imprenditore;3;4;7;3;45;10;4;1;0,694558912;Genitore;674,2650382;7,554301329;altro;altro;0,574947152;0
6;Impiegato;4;4;8;3;32;14;4;1;0,795444693;Lavoratore SINK;659,6477864;6,589273757;Caschetto;Protezione;0,503310441;0
7;Professionista;3;3;6;5;36;4;3;1;0,83769829;Lavoratore;1414,525265;9,136011396;Bici Elettrica;Mobility;0,597148198;0
8;Imprenditore;3;4;9;5;33;18;4;0;0,808681427;Genitore;549,8831378;9,988830004;guantini ;Protezione;0,725689684;1
9;Impiegato;4;4;7;3;34;3;4;0;0,972512265;Lavoratore;636,74615;7,945995848;Batteria;Componente;0,675842607;0
10;Professionista;4;4;8;3;39;13;3;0;0,858853978;NeoLavoratore;395,2997633;6,155772056;DisposotivoMonitoraggio;Digitale;0,757484982;1
11;Imprenditore;4;3;6;3;39;11;4;0;0,880041773;Lavoratore SINK;482,1981881;6,344720338;DisposotivoMonitoraggio;Digitale;0,775056425;1
12;Impiegato;3;4;6;5;49;7;4;1;0,819733383;Genitore;995,0194029;6,197057582;Caschetto;Protezione;0,762441434;1
13;Professionista;3;3;7;3;43;18;4;1;0,967524979;Genitore;1326,772476;9,352946032;Bici Elettrica;Mobility;0,814758515;1
14;Imprenditore;4;4;8;4;36;14;3;1;0,773062654;Genitore;329,9632976;9,170040046;guantini ;Protezione;0,913342667;1
15;Impiegato;4;4;6;5;35;11;3;1;0,792435926;Lavoratore SINK;1211,477664;8,788859611;Batteria;Componente;0,709546805;1
16;Professionista;3;4;6;3;30;8;3;1;0,872828534;NeoLavoratore;1092,87799;9,644128506;altro;altro;0,527207803;0
17;Imprenditore;4;4;8;3;35;18;4;0;0,996639201;Lavoratore SINK;1107,589861;7,579730629;Caschetto;Protezione;0,975569406;1
18;Impiegato;4;4;6;4;36;12;3;0;0,917326239;Lavoratore;706,7959998;9,797604359;Bici Elettrica;Mobility;0,778615754;1
19;Professionista;4;3;8;5;31;11;4;1;0,810860656;Lavoratore;1171,510136;6,203966131;guantini ;Protezione;0,871015223;1
20;Imprenditore;4;4;6;5;30;12;3;0;0,567739842;Lavoratore;1035,56739;8,245322863;Batteria;Componente;0,9410559;1
21;Impiegato;3;3;9;3;32;14;4;1;0,941495686;Lavoratore SINK;809,1990218;7,301316739;DisposotivoMonitoraggio;Digitale;0,640338109;0
22;Professionista;3;3;6;5;39;15;4;1;0,711197851;NeoLavoratore;1314,394588;6,141443607;DisposotivoMonitoraggio;Digitale;0,612415653;0
23;Imprenditore;4;4;9;4;36;8;4;0;0,532442156;NeoLavoratore;987,3477451;6,582821868;Bici Elettrica;Mobility;0,682729915;0
24;Impiegato;3;4;8;5;36;10;3;1;0,760188315;Lavoratore SINK;690,778472;8,773656394;guantini ;Protezione;0,887769403;1
25;Professionista;4;4;9;3;38;9;3;1;0,557078098;Lavoratore;884,1512701;6,87905081;Batteria;Componente;0,789430598;1
26;Imprenditore;4;4;6;3;33;11;4;0;0,571718668;Lavoratore;674,154362;7,927018142;DisposotivoMonitoraggio;Digitale;0,61266998;0
27;Impiegato;3;4;9;3;46;12;4;0;0,666694949;NeoLavoratore;1240,688227;6,775716546;DisposotivoMonitoraggio;Digitale;0,786769935;1
28;Impiegato;4;4;9;4;37;7;4;1;0,709201974;NeoLavoratore;665,8764677;6,07607698;DisposotivoMonitoraggio;Digitale;0,740783515;1
29;Impiegato;4;3;8;5;30;9;3;1;0,981154043;NeoLavoratore;540,6964664;8,039917451;DisposotivoMonitoraggio;Digitale;0,822767376;1
30;Impiegato;3;3;6;5;38;14;4;1;0,53505745;Genitore;512,3330846;7,891812571;DisposotivoMonitoraggio;Digitale;0,545978937;0
31;Impiegato;3;3;7;1;42;4;4;0;0,893193258;Lavoratore SINK;282,9326547;6,206495018;DisposotivoMonitoraggio;Digitale;0,448572921;0
32;Operaio;2;2;6;2;24;13;4;0;0,555919646;ALTRO;230,6177005;9,530882157;Caschetto;Protezione;0,914199274;1
33;Operaio;2;2;7;3;65;7;3;0;0,666997695;Lavoratore;344,7094757;8,08314772;Bici Elettrica;Mobility;0,479287657;0
34;Pensionato;3;3;7;3;65;4;3;1;0,634190652;Lavoratore SINK;189,6085493;9,500120048;guantini ;Protezione;0,613175215;0
35;Operaio;2;3;7;3;36;10;3;0;0,605784558;Lavoratore;538,1906786;9,684853544;Batteria;Componente;0,720076192;1
36;Pensionato;2;2;8;2;65;13;4;1;0,956937607;Lavoratore SINK;204,8527706;9,186773732;altro;altro;0,619856085;0
37;Pensionato;2;3;7;1;65;11;4;1;0,647448168;Lavoratore;231,0122492;8,421484051;Caschetto;Protezione;0,403193301;0
38;Professionista;3;2;8;1;32;10;4;0;0,94495718;Lavoratore SINK;418,6440113;9,950116255;Bici Elettrica;Mobility;0,422463864;0
39;Impiegato;2;3;7;3;38;5;3;1;0,626126901;Lavoratore SINK;417,6435991;9,698181126;guantini ;Protezione;0,565148636;0
40;Professionista;2;3;6;1;20;6;4;1;0,86609685;Lavoratore SINK;253,5476804;9,820323088;Batteria;Componente;0,783377032;1
41;Impiegato;3;2;8;1;37;9;4;1;0,918347973;ALTRO;261,3450822;9,164724032;DisposotivoMonitoraggio;Digitale;0,409437817;0
42;Impiegato;2;2;8;1;27;8;3;0;0,595043783;NeoLavoratore;210,3052827;9,202872894;DisposotivoMonitoraggio;Digitale;0,776440549;1
43;Impiegato;3;2;7;2;27;6;4;0;0,601190782;ALTRO;564,4560315;7,984821329;Caschetto;Protezione;0,722209837;1
44;Operaio;2;2;7;2;21;12;3;1;0,636563518;Lavoratore SINK;530,6056289;7,762540031;Bici Elettrica;Mobility;0,591421058;0
45;Impiegato;2;3;6;1;26;13;4;0;0,89187516;Genitore;516,9718152;9,909212763;guantini ;Protezione;0,963297017;1
46;Impiegato;2;3;8;1;29;4;4;0;0,932863471;NeoLavoratore;377,1274215;7,768796589;Batteria;Componente;0,888987007;1
47;Professionista;2;2;6;1;43;7;3;0;0,695163745;NeoLavoratore;463,452514;9,763819776;altro;altro;0,924436147;1
48;Operaio;3;2;6;1;43;4;4;1;0,946748963;Genitore;483,9801347;7,606235992;Caschetto;Protezione;0,472131333;0
49;Professionista;2;3;6;2;40;9;4;0;0,66064632;Lavoratore;281,0859787;6,659616214;Bici Elettrica;Mobility;0,662588583;0
50;Pensionato;3;3;6;2;65;5;4;0;0,998951459;Genitore;450,0909866;7,70660612;guantini ;Protezione;0,638761155;0
51;Professionista;3;2;7;3;24;5;3;0;0,652563217;Lavoratore SINK;493,5526309;9,953374787;Batteria;Componente;0,636900707;0
52;Professionista;3;2;7;3;38;9;3;0;0,786198195;Genitore;259,2205502;9,037000358;DisposotivoMonitoraggio;Digitale;0,84393698;1
53;Professionista;2;2;8;3;33;8;3;0;0,848836482;Lavoratore;594,2899647;9,570846925;DisposotivoMonitoraggio;Digitale;0,685754337;0
54;Impiegato;3;3;7;3;35;8;4;1;0,702331497;Lavoratore SINK;426,5415901;8,015216975;Bici Elettrica;Mobility;0,613357189;0
55;Pensionato;3;3;8;2;71;11;3;1;0,892311876;Genitore;570,8192549;6,791990742;guantini ;Protezione;0,907223299;1
56;Impiegato;3;2;8;2;40;12;3;0;0,768142742;ALTRO;597,4147693;9,783513567;Batteria;Componente;0,586454665;0
57;Operaio;3;3;6;3;43;14;3;0;0,669203251;ALTRO;550,175023;7,658510988;DisposotivoMonitoraggio;Digitale;0,793389884;1
58;Pensionato;2;3;8;1;32;7;3;0;0,916218085;ALTRO;582,8165948;7,181254736;DisposotivoMonitoraggio;Digitale;0,742077458;1
59;Impiegato;2;3;6;1;20;7;4;0;0,659753386;NeoLavoratore;353,1915282;7,427428629;DisposotivoMonitoraggio;Digitale;0,999357146;1
60;Pensionato;3;2;8;3;25;13;3;0;0,706886298;ALTRO;368,4170784;8,577080917;DisposotivoMonitoraggio;Digitale;0,421675827;0
61;Operaio;2;3;8;2;39;10;4;0;0,535413625;Lavoratore;227,4156469;9,179868738;DisposotivoMonitoraggio;Digitale;0,577855184;0
62;Professionista;3;3;6;3;37;8;4;0;0,65919777;Lavoratore;191,1224319;9,612447295;DisposotivoMonitoraggio;Digitale;0,428917804;0
63;Professionista;3;3;8;1;43;14;3;0;0,943727356;Lavoratore;563,8146076;8,095766308;Caschetto;Protezione;0,504019265;0
64;Pensionato;2;3;8;3;65;4;4;0;0,694004006;ALTRO;582,6776316;6,67993381;Bici Elettrica;Mobility;0,761953875;1
65;Pensionato;3;2;7;3;27;14;3;0;0,682812703;NeoLavoratore;577,2418744;6,161359908;guantini ;Protezione;0,488036526;0
66;Impiegato;2;2;8;1;30;10;3;0;0,507366409;ALTRO;396,0150303;8,768312912;Batteria;Componente;0,97535597;1
67;Operaio;3;2;7;1;44;9;4;0;0,501982329;Lavoratore;585,8700071;6,891645011;altro;altro;0,651485247;0
68;Operaio;3;3;8;3;38;8;4;0;0,957302391;NeoLavoratore;365,3838581;8,090230251;Caschetto;Protezione;0,841705415;1
69;Pensionato;2;3;7;2;71;10;3;0;0,535269752;Lavoratore SINK;545,971927;8,111275161;Bici Elettrica;Mobility;0,719568189;1
70;Impiegato;3;2;8;1;37;12;3;1;0,984461656;NeoLavoratore;576,4208317;7,391053917;guantini ;Protezione;0,792123692;1
71;Operaio;3;2;6;3;43;10;3;0;0,908940291;ALTRO;321,0659062;6,368688694;Batteria;Componente;0,681192331;0
72;Pensionato;3;2;6;2;68;12;4;0;0,814589273;Lavoratore;458,9226708;8,644569755;DisposotivoMonitoraggio;Digitale;0,775521172;1
73;Operaio;2;2;7;1;26;14;4;0;0,792539957;Genitore;471,0031117;7,962633174;DisposotivoMonitoraggio;Digitale;0,694415531;0
74;Impiegato;2;3;6;1;27;7;3;1;0,975195782;Lavoratore;456,8016356;9,268297049;Caschetto;Protezione;0,946466819;1
75;Professionista;2;3;8;1;21;8;4;1;0,78263761;NeoLavoratore;475,8541076;9,132866831;Bici Elettrica;Mobility;0,993693805;1
76;Pensionato;2;3;8;3;41;13;4;0;0,698084373;Genitore;170,7059068;6,633398204;guantini ;Protezione;0,941752306;1
77;Impiegato;3;3;6;2;37;11;4;0;0,863566537;Lavoratore SINK;555,4415586;9,542080677;Batteria;Componente;0,407425749;0
78;Pensionato;2;2;7;2;77;6;4;0;0,540809967;Lavoratore SINK;203,1762393;7,78347137;altro;altro;0,763770048;1
79;Professionista;2;2;6;1;34;4;3;1;0,946600659;Lavoratore SINK;177,734937;8,837408781;Caschetto;Protezione;0,616147746;0
80;Professionista;2;3;6;2;37;6;3;0;0,810219801;Lavoratore;197,0366565;9,643235064;Bici Elettrica;Mobility;0,421898356;0
81;Impiegato;2;3;7;1;40;11;4;0;0,631811064;Lavoratore SINK;381,0992896;9,677121755;guantini ;Protezione;0,857850411;1
82;Pensionato;3;2;7;3;66;4;3;0;0,500333934;NeoLavoratore;455,0861868;7,918398972;Batteria;Componente;0,82238178;1
83;Pensionato;3;3;7;3;66;8;4;1;0,928005172;Genitore;273,3988547;9,326281666;DisposotivoMonitoraggio;Digitale;0,536401006;0
84;Operaio;3;3;7;1;32;10;3;0;0,535737567;NeoLavoratore;447,8768082;7,850539595;DisposotivoMonitoraggio;Digitale;0,522977948;0
85;Professionista;2;2;7;1;20;8;4;0;0,905001262;ALTRO;374,0414598;9,339595063;Bici Elettrica;Mobility;0,694428866;0
86;Impiegato;3;2;7;2;40;9;4;1;0,860731194;ALTRO;306,2231996;7,953405312;guantini ;Protezione;0,668004404;0
87;Impiegato;2;3;6;1;32;4;3;0;0,574734207;Genitore;461,0683777;8,126709141;Batteria;Componente;0,420424774;0
88;Pensionato;3;2;6;3;66;8;4;1;0,574436587;Lavoratore;550,695967;9,748663386;DisposotivoMonitoraggio;Digitale;0,949250081;1
89;Impiegato;3;3;6;2;38;12;4;1;0,864632613;Genitore;325,2752825;6,61017633;DisposotivoMonitoraggio;Digitale;0,713377291;1
90;Operaio;2;2;6;3;31;13;4;0;0,762939932;Genitore;157,2627854;6,67679823;DisposotivoMonitoraggio;Digitale;0,437496061;0
91;Impiegato;3;2;7;2;41;7;4;1;0,770880606;Lavoratore SINK;280,5280995;6,049070901;DisposotivoMonitoraggio;Digitale;0,518331289;0
92;Professionista;3;2;7;1;20;3;3;0;0,927162731;Lavoratore SINK;206,5207296;7,376555535;DisposotivoMonitoraggio;Digitale;0,710465092;1
93;Pensionato;2;2;6;3;66;12;3;0;0,893374554;NeoLavoratore;328,085463;9,503448378;DisposotivoMonitoraggio;Digitale;0,979042748;1
94;Pensionato;2;3;7;1;66;14;3;0;0,706221312;Genitore;479,9392946;7,767167992;DisposotivoMonitoraggio;Digitale;0,628719675;0
95;Impiegato;2;1;3;1;62;3;1;1;0,359485575;NeoLavoratore;442,0297736;8,439194773;DisposotivoMonitoraggio;Digitale;0,753926921;1
96;Impiegato;3;2;3;1;46;9;4;0;0,360913058;ALTRO;258,0329195;9,447572164;altro;altro;0,318784254;0
97;Impiegato;2;2;1;1;54;1;4;1;0,322153661;Lavoratore SINK;270,5605682;8,549695202;Caschetto;Protezione;0,457784096;0
98;Impiegato;3;2;6;2;41;8;1;0;0,956880116;Lavoratore;276,8637379;7,190124419;Bici Elettrica;Mobility;0,506236076;0
99;Operaio;1;2;3;1;61;2;1;0;0,892186831;ALTRO;290,2509237;6,317906116;guantini ;Protezione;0,46062979;0
100;Impiegato;1;1;7;1;54;0;4;0;0,436181342;Lavoratore SINK;476,529019;9,064256349;altro;altro;0,579477486;0
101;Impiegato;1;1;6;1;41;6;3;1;0,365233461;NeoLavoratore;312,9415064;9,756185322;Caschetto;Protezione;0,561941054;0
102;Impiegato;1;2;2;2;59;6;4;1;0,706717394;Genitore;496,8567883;7,142734101;Bici Elettrica;Mobility;0,27964023;0
103;Operaio;2;1;6;2;25;5;2;0;0,669108807;Lavoratore;171,7642172;6,158324743;guantini ;Protezione;0,635786293;0
104;Operaio;2;1;7;1;41;0;4;1;0,941542182;ALTRO;277,9489972;6,700188833;altro;altro;0,731786774;1
105;Operaio;3;1;3;1;50;8;4;0;0,935191154;ALTRO;398,4789633;7,991186776;Caschetto;Protezione;0,474440347;0
106;Impiegato;2;1;3;1;37;9;3;0;0,329897432;NeoLavoratore;465,4002466;7,041716377;Bici Elettrica;Mobility;0,411783579;0
107;Operaio;3;2;3;1;43;9;3;1;0,418786157;NeoLavoratore;445,2834692;6,401619083;guantini ;Protezione;0,718256612;1
108;Operaio;2;1;4;1;32;3;3;1;0,573354814;Lavoratore SINK;387,2713963;9,589392662;altro;altro;0,396567649;0
109;Altro;1;1;6;2;38;3;4;1;0,904483701;Genitore;83,40803937;9,47955101;Caschetto;Protezione;0,566071756;0
110;Impiegato;2;2;5;2;52;4;4;1;0,330840697;Lavoratore SINK;528,6576058;7,828924888;Bici Elettrica;Mobility;0,214919167;0
111;Altro;2;2;6;2;42;7;4;0;0,427504772;ALTRO;98,97587933;7,783355416;guantini ;Protezione;0,247834071;0
112;Operaio;3;1;7;1;41;6;2;0;0,544352335;NeoLavoratore;50,82643617;8,951625235;altro;altro;0,256126265;0
113;Operaio;2;2;4;2;37;4;3;0;0,845044817;Lavoratore;93,31058011;9,22854913;Caschetto;Protezione;0,797808131;1
114;Operaio;1;2;6;2;43;0;2;1;0,215195101;NeoLavoratore;231,6457915;9,193432194;Bici Elettrica;Mobility;0,309604466;0
115;Impiegato;1;2;2;1;22;8;1;0;0,367731899;NeoLavoratore;535,1771568;6,190918608;guantini ;Protezione;0,487312379;0
116;Impiegato;1;2;2;2;54;4;1;1;0,958128386;Lavoratore;547,5050648;7,752707747;altro;altro;0,284975067;0
117;Impiegato;3;2;7;1;40;8;2;0;0,54592812;Lavoratore;496,8688954;9,414177082;Caschetto;Protezione;0,681487394;0
118;Impiegato;1;1;7;1;32;5;3;1;0,861001328;Genitore;126,1322315;7,310909142;Bici Elettrica;Mobility;0,62867943;0
119;Impiegato;2;1;4;2;58;0;1;0;0,243217431;Lavoratore SINK;119,3326771;7,265623099;guantini ;Protezione;0,710145399;1
120;Altro;1;1;6;1;47;4;4;0;0,562993494;Lavoratore SINK;536,4632487;9,688063541;altro;altro;0,791907717;1
121;Altro;1;2;5;1;25;2;1;1;0,863838196;Lavoratore;476,9176031;7,348441754;Caschetto;Protezione;0,256422958;0
122;Operaio;3;1;2;1;44;0;1;1;0,277415688;Genitore;396,6081434;6,495731345;Bici Elettrica;Mobility;0,202134405;0
123;Altro;1;2;3;2;46;4;2;1;0,830671764;Lavoratore;355,0945274;9,879175412;guantini ;Protezione;0,377265355;0
124;Impiegato;2;1;6;2;61;6;1;0;0,309194673;Lavoratore SINK;248,639451;7,778113385;altro;altro;0,467176879;0
125;Impiegato;1;2;3;1;27;8;3;0;0,371296442;ALTRO;348,3001732;9,212152287;Caschetto;Protezione;0,745541327;1
126;Operaio;3;2;4;2;52;5;4;0;0,516069832;ALTRO;278,6669257;9,474333202;Bici Elettrica;Mobility;0,355626104;0
127;Impiegato;2;2;7;1;37;2;4;1;0,67554653;Lavoratore;273,4709128;8,145093864;guantini ;Protezione;0,523814658;0
128;Altro;3;2;7;1;42;1;2;1;0,943856566;ALTRO;409,2712639;7,267121996;altro;altro;0,331481551;0
129;Altro;3;1;3;1;33;0;2;0;0,783319196;ALTRO;176,0815765;8,546367534;Caschetto;Protezione;0,71466876;1
130;Impiegato;1;2;1;1;45;9;4;1;0,93636485;Lavoratore SINK;67,52203607;9,246693614;Bici Elettrica;Mobility;0,402175071;0
131;Operaio;2;2;7;2;23;1;1;0;0,355388566;NeoLavoratore;55,09118534;8,66927475;guantini ;Protezione;0,754970909;1
132;Altro;2;1;7;1;52;7;1;0;0,221734011;Lavoratore SINK;495,5765575;6,209375206;altro;altro;0,416916736;0
133;Impiegato;2;2;6;1;39;0;2;0;0,977181346;Lavoratore SINK;446,1255193;9,862338507;Caschetto;Protezione;0,282147163;0
134;Operaio;2;2;1;1;47;2;3;0;0,3533387;NeoLavoratore;169,4115261;6,330000705;Bici Elettrica;Mobility;0,786456366;1
135;Altro;1;2;3;1;23;2;2;1;0,912221348;NeoLavoratore;175,2586859;7,066227168;guantini ;Protezione;0,475521526;0
136;Impiegato;3;2;1;2;27;2;4;0;0,527773306;ALTRO;59,48369333;8,318459659;altro;altro;0,680188252;0
137;Altro;2;2;7;2;62;3;4;1;0,3543635;Lavoratore SINK;490,2192519;6,327617515;altro;altro;0,371780292;0
138;Altro;1;2;3;1;28;5;3;0;0,863504244;Lavoratore SINK;398,9041667;8,451640294;altro;altro;0,236284488;0
139;Impiegato;1;1;3;2;32;0;2;0;0,949500355;NeoLavoratore;280,8041225;8,201929662;altro;altro;0,701206837;1
140;Operaio;1;2;6;2;35;5;1;0;0,252473296;Lavoratore;460,4121118;7,006473877;altro;altro;0,745119164;1
141;Altro;2;2;6;2;23;1;1;1;0,442940325;Lavoratore SINK;215,0847266;8,540279082;altro;altro;0,253551247;0
142;Operaio;3;1;1;2;64;6;3;0;0,594754984;Lavoratore SINK;268,7722767;8,813323147;altro;altro;0,209251599;0
143;Operaio;3;1;4;2;48;5;2;0;0,213647617;Lavoratore;188,1027703;8,058356032;altro;altro;0,315691933;0
144;Impiegato;2;2;1;2;24;5;4;1;0,379574091;NeoLavoratore;397,3077844;6,715600493;altro;altro;0,79118134;1
145;Altro;2;2;7;2;24;3;3;0;0,465461158;Genitore;296,5192952;7,056379418;altro;altro;0,432666986;0
146;Impiegato;1;1;7;1;29;4;4;1;0,251510002;NeoLavoratore;204,3409439;7,590388615;altro;altro;0,505054034;0
147;Operaio;1;2;6;1;44;1;4;1;0,978368861;NeoLavoratore;355,9098067;9,358201503;altro;altro;0,587113661;0
148;Impiegato;2;1;4;1;22;8;2;0;0,224180447;NeoLavoratore;143,2774212;6,21453889;altro;altro;0,235234139;0
149;Altro;2;1;3;2;26;6;1;0;0,423029736;Genitore;429,8925045;6,551470082;altro;altro;0,351646862;0
150;Impiegato;2;2;6;2;21;1;4;0;0,873706956;Lavoratore;169,1903336;7,041985097;altro;altro;0,257131823;0
151;Operaio;1;1;4;2;46;5;2;0;0,398237681;Lavoratore SINK;443,1820505;7,528922858;altro;altro;0,474260607;0
152;Altro;1;1;4;1;37;9;4;0;0,509529479;Genitore;407,7583977;6,30090165;altro;altro;0,536713327;0
153;Operaio;1;1;5;2;20;3;3;0;0,849409526;NeoLavoratore;450,8573414;9,52862539;altro;altro;0,443612416;0
154;Impiegato;2;1;6;2;24;3;3;1;0,994196985;ALTRO;496,489835;8,071416984;altro;altro;0,687595755;0
155;Operaio;3;1;5;2;59;4;4;1;0,905929413;Lavoratore;230,457656;7,618970007;altro;altro;0,327492989;0
156;Operaio;3;1;7;2;25;1;1;0;0,497293675;Lavoratore;148,2879163;6,713256034;altro;altro;0,782816329;1
157;Altro;3;2;4;2;27;0;2;0;0,734092707;ALTRO;89,79576486;8,926475487;altro;altro;0,537174081;0
158;Operaio;1;2;6;2;42;4;1;1;0,48625755;Lavoratore;221,7950466;8,106644757;altro;altro;0,77924065;1
159;Altro;1;1;3;1;45;6;2;0;0,386851093;ALTRO;118,1148496;9,008630234;altro;altro;0,228745593;0
160;Operaio;1;1;1;2;36;3;4;0;0,808704301;Lavoratore;461,0257839;9,072859834;altro;altro;0,40573812;0
161;Impiegato;2;1;2;1;36;6;2;0;0,242371644;ALTRO;82,88044683;7,419043868;altro;altro;0,53548631;0
162;Altro;2;2;5;1;53;0;2;1;0,879348606;Lavoratore;101,3903857;7,769735885;altro;altro;0,228815318;0
163;Operaio;2;2;1;2;22;4;3;0;0,243191379;Lavoratore SINK;132,1488052;9,595799291;altro;altro;0,20046016;0
164;Altro;3;2;5;1;28;0;4;1;0,527268504;ALTRO;352,3337948;6,711159834;altro;altro;0,506428441;0
165;Altro;2;1;4;1;22;2;1;1;0,462853385;Lavoratore SINK;374,8831756;6,540331141;altro;altro;0,477159318;0
166;Impiegato;1;1;6;1;62;6;4;0;0,381596995;Genitore;547,4816962;9,361396755;altro;altro;0,420873658;0
167;Altro;3;1;1;2;59;2;2;1;0,612595455;NeoLavoratore;312,1638968;7,250676607;altro;altro;0,358642797;0
168;Operaio;1;1;6;2;20;7;2;1;0,563446919;NeoLavoratore;279,8834564;7,944259853;altro;altro;0,549611008;0
169;Impiegato;2;1;3;1;59;8;1;0;0,687136287;Genitore;126,8352002;7,652501079;altro;altro;0,206672041;0
170;Altro;3;1;3;2;60;8;1;0;0,284634669;ALTRO;493,3878808;8,679664964;altro;altro;0,240678059;0
171;Impiegato;1;2;3;2;27;5;2;0;0,222458381;Lavoratore SINK;220,2680794;6,926112476;altro;altro;0,467823417;0
172;Impiegato;1;2;3;1;23;0;1;0;0,335852865;Lavoratore;211,9064305;6,209843626;altro;altro;0,610017771;0
173;Impiegato;2;1;7;1;57;1;2;1;0,825072169;Lavoratore;283,6251588;6,122833985;altro;altro;0,535939712;0
174;Operaio;2;1;6;1;61;6;2;0;0,349132771;NeoLavoratore;274,2029713;9,656146743;altro;altro;0,37750161;0
175;Operaio;3;2;4;1;45;3;3;1;0,915756322;ALTRO;217,8424502;8,993685778;altro;altro;0,401518853;0
176;Altro;1;2;6;1;24;4;4;0;0,51079032;ALTRO;491,3057615;9,498553052;altro;altro;0,74145993;1
177;Altro;2;1;6;1;20;0;4;1;0,695560192;ALTRO;74,24233754;9,318964263;altro;altro;0,53893527;0
178;Impiegato;1;2;2;1;23;2;1;1;0,675517036;NeoLavoratore;282,2147003;6,397243743;altro;altro;0,209912227;0
179;Operaio;2;2;4;2;64;3;3;1;0,248594634;Lavoratore;105,6919206;8,630080151;altro;altro;0,616576875;0
180;Impiegato;3;1;4;2;21;4;2;1;0,901731636;NeoLavoratore;125,9343409;7,098606108;altro;altro;0,613155224;0
181;Altro;2;1;2;1;48;2;1;0;0,954197484;ALTRO;81,46543065;7,976368567;altro;altro;0,714049217;1
182;Altro;2;1;1;1;35;6;3;0;0,606328808;Lavoratore;193,3791525;9,928221562;altro;altro;0,494501022;0
183;Operaio;2;2;3;1;30;9;1;1;0,728738431;Lavoratore;332,7792699;9,971392752;altro;altro;0,229872119;0
184;Altro;3;1;3;2;62;6;3;0;0,257680613;Genitore;543,5368264;6,503637548;altro;altro;0,320992515;0
185;Impiegato;2;1;2;1;60;1;2;1;0,887295915;Lavoratore SINK;430,0378003;7,481875766;altro;altro;0,380130697;0
186;Altro;2;2;2;2;52;1;1;0;0,316917497;Genitore;430,7875826;9,089266543;altro;altro;0,674388431;0
187;Altro;1;1;6;2;48;3;1;0;0,856389994;Genitore;274,6683274;8,485211222;altro;altro;0,409387154;0
188;Impiegato;1;2;1;1;34;6;1;0;0,223859693;Genitore;349,483775;9,467352812;altro;altro;0,709326369;1
189;Operaio;1;1;1;2;45;1;4;0;0,541004929;Lavoratore;544,0618012;7,198419492;altro;altro;0,743055704;1
190;Impiegato;1;2;6;1;35;5;3;0;0,253082394;ALTRO;355,3246708;8,833738624;altro;altro;0,349830077;0
191;Altro;3;1;1;1;36;9;2;0;0,581940282;ALTRO;377,1780538;9,839821614;altro;altro;0,728085338;1
192;Operaio;2;2;2;2;50;4;3;1;0,278579697;NeoLavoratore;548,5141205;7,96215199;altro;altro;0,266548049;0
193;Impiegato;3;1;5;2;56;1;2;0;0,443754868;Lavoratore SINK;158,1232918;9,765619591;altro;altro;0,428918606;0
194;Altro;3;2;3;2;56;2;1;1;0,654745767;ALTRO;179,6738495;8,844091057;altro;altro;0,49829403;0
195;Operaio;3;1;4;1;34;0;1;0;0,399884488;Lavoratore SINK;281,6937056;9,449155232;altro;altro;0,273754251;0
196;Impiegato;2;1;5;1;52;3;2;1;0,578526807;ALTRO;194,1775534;7,795790141;altro;altro;0,5590949;0
197;Operaio;3;2;6;1;47;5;3;0;0,770415772;NeoLavoratore;462,3350506;8,758232558;altro;altro;0,768906036;1
198;Impiegato;2;1;6;2;49;6;2;1;0,830587346;NeoLavoratore;219,9424286;8,023599671;altro;altro;0,531248991;0
199;Operaio;1;1;6;2;32;8;2;1;0,687610132;Lavoratore;410,3253815;8,695007391;altro;altro;0,581396974;0
200;Altro;2;1;2;1;58;6;2;0;0,322978172;ALTRO;532,0203676;6,726897375;altro;altro;0,776904252;1
201;Impiegato;2;2;7;2;41;5;4;0;0,464363282;ALTRO;68,77592236;7,125295381;altro;altro;0,408504672;0
202;Altro;3;2;2;2;25;0;1;0;0,769668579;ALTRO;222,0190698;7,004038708;altro;altro;0,64018141;0
203;Operaio;1;2;6;1;30;2;4;0;0,221621829;NeoLavoratore;412,8433237;8,305822332;altro;altro;0,755923186;1
204;Impiegato;2;2;1;1;50;0;2;0;0,725476535;ALTRO;57,99429149;9,786657847;altro;altro;0,500395487;0
205;Operaio;1;1;2;1;29;8;1;1;0,622214204;Lavoratore SINK;524,2076478;8,499422021;altro;altro;0,549320469;0
206;Operaio;1;2;2;1;33;0;2;1;0,924209697;Lavoratore;276,9114568;7,915402309;altro;altro;0,360368665;0
207;Impiegato;2;2;2;2;43;9;3;0;0,228826021;NeoLavoratore;314,9452062;9,604830391;altro;altro;0,247438652;0
208;Operaio;2;2;2;1;20;5;1;0;0,687777266;NeoLavoratore;163,0163744;7,498114391;altro;altro;0,253407336;0
209;Operaio;1;2;6;2;49;7;3;0;0,516243804;Lavoratore SINK;250,3517526;8,702093544;altro;altro;0,451047457;0
210;Impiegato;3;2;7;1;62;9;4;0;0,421511823;Lavoratore SINK;276,2451915;9,42268032;altro;altro;0,76473026;1
211;Impiegato;2;2;1;2;22;2;2;0;0,31628742;Lavoratore SINK;109,8183657;9,821499053;altro;altro;0,396809821;0
212;Operaio;1;2;1;2;24;4;3;1;0,691629018;NeoLavoratore;481,1743908;6,952183295;altro;altro;0,674265519;0
213;Impiegato;3;2;6;1;20;0;1;0;0,545926137;Genitore;511,8029843;7,498769079;altro;altro;0,741327372;1
214;Altro;3;2;5;1;59;4;3;1;0,514782502;Genitore;179,0865063;9,348508506;altro;altro;0,32361012;0
215;Impiegato;2;2;3;2;58;4;1;0;0,456460794;ALTRO;459,7210275;6,250444585;altro;altro;0,425054226;0
216;Altro;2;2;2;2;23;7;2;0;0,916029956;Genitore;265,6894703;6,956554463;altro;altro;0,66313934;0
217;Impiegato;1;2;4;2;34;7;2;0;0,902432826;Genitore;396,4545035;8,272553041;altro;altro;0,212346006;0
218;Impiegato;1;1;1;2;25;3;3;1;0,855110587;Genitore;239,7725369;8,867085072;altro;altro;0,767165652;1
219;Altro;3;1;1;2;40;6;4;0;0,753059872;ALTRO;319,5622346;6,588760108;altro;altro;0,758947579;1
220;Operaio;1;1;7;2;42;6;1;1;0,223967826;ALTRO;100,158898;6,516576878;altro;altro;0,457107825;0
221;Operaio;2;2;3;2;23;4;3;1;0,61220302;Lavoratore;417,6210192;6,764206776;altro;altro;0,631437081;0
222;Impiegato;1;1;6;1;27;2;3;0;0,380488749;NeoLavoratore;320,6347962;8,239086119;altro;altro;0,244419416;0
223;Altro;2;1;4;2;32;2;4;1;0,814604108;Lavoratore;194,0712369;9,791260546;guantini ;Protezione;0,663623966;0
224;Operaio;2;1;6;2;55;7;1;1;0,201706084;Genitore;278,0976969;8,888738184;altro;altro;0,247062057;0
225;Altro;3;2;5;1;42;8;4;0;0,466859076;Lavoratore SINK;261,8776811;9,615404427;Caschetto;Protezione;0,205009495;0
226;Operaio;2;1;4;1;56;9;2;0;0,71922658;Lavoratore SINK;134,3183571;6,943427369;Bici Elettrica;Mobility;0,617738564;0
227;Altro;1;1;5;1;59;9;2;0;0,440367675;Lavoratore;348,337893;7,213704311;guantini ;Protezione;0,630060839;0
228;Altro;2;1;3;1;64;3;3;1;0,394829827;Lavoratore;75,05140929;7,070598487;altro;altro;0,454055249;0
229;Altro;1;2;1;2;34;8;3;1;0,922171038;ALTRO;383,3130494;7,545205032;Caschetto;Protezione;0,344321891;0
230;Operaio;1;2;7;1;62;2;1;0;0,423713469;Genitore;292,2974207;8,501390653;Bici Elettrica;Mobility;0,49751851;0
231;Operaio;3;2;7;1;56;1;3;0;0,992099895;Lavoratore;387,5715241;6,254716835;guantini ;Protezione;0,609730184;0
232;Operaio;1;1;1;2;27;7;4;0;0,697067041;Lavoratore;308,1921637;6,920208664;altro;altro;0,461909318;0
233;Operaio;3;2;2;1;50;9;1;0;0,330101238;ALTRO;122,6774383;7,459785731;Caschetto;Protezione;0,69118216;0
234;Altro;3;2;7;2;21;6;3;0;0,902808805;ALTRO;511,9443617;8,518675832;Bici Elettrica;Mobility;0,237146581;0
235;Impiegato;2;1;5;1;51;4;2;0;0,405365442;ALTRO;344,4795409;9,617024518;guantini ;Protezione;0,446263659;0
236;Operaio;3;2;5;1;50;6;1;0;0,656792868;NeoLavoratore;367,5715581;7,907297922;altro;altro;0,59780731;0
237;Operaio;2;1;2;1;45;7;2;1;0,203653765;Lavoratore SINK;184,1093115;7,458905063;altro;altro;0,72259208;1
238;Operaio;2;1;3;2;34;7;3;0;0,93065488;Lavoratore SINK;508,0534036;7,741369369;altro;altro;0,399129608;0
239;Altro;1;2;1;2;31;8;4;0;0,970616158;ALTRO;128,559976;6,313387797;altro;altro;0,519595829;0
240;Impiegato;3;1;7;1;51;1;3;0;0,477113609;Lavoratore SINK;395,8048434;8,135648702;altro;altro;0,46891937;0
241;Altro;2;2;7;2;50;5;2;0;0,651453103;Lavoratore;410,6711489;8,273433228;altro;altro;0,470617349;0
242;Operaio;1;1;6;2;51;6;2;0;0,699585795;ALTRO;187,3833933;6,18721174;altro;altro;0,428380913;0
243;Operaio;1;1;7;2;31;7;4;0;0,265857469;Lavoratore SINK;71,08873388;6,211344194;altro;altro;0,771698806;1
244;Altro;1;1;5;2;63;1;2;1;0,24608365;Lavoratore;236,8191987;9,320741226;altro;altro;0,618893245;0
245;Operaio;3;1;4;1;64;4;2;0;0,57350525;ALTRO;485,1126834;8,453617389;guantini ;Protezione;0,630363411;0
246;Altro;1;2;3;1;72;0;3;0;0,775235669;ALTRO;356,7399658;4,301625286;altro;altro;0,404181882;0
247;Pensionato;1;2;4;1;72;4;2;1;0,311173226;ALTRO;231,5568957;4,018480719;Caschetto;Protezione;0,391439301;0
248;Tassista;2;2;3;1;72;0;2;0;0,370517687;ALTRO;150,8275631;6,375371959;Bici Elettrica;Mobility;0,20321116;0
249;Pensionato;1;2;1;1;65;4;1;0;0,472803711;ALTRO;178,157529;5,436185765;guantini ;Protezione;0,187124949;0
250;Tassista;2;1;2;1;70;5;2;0;0,303058012;Prossimo alla Pensione;91,25093814;7,392211193;altro;altro;0,129116803;0
251;Tassista;1;2;1;1;70;5;2;0;0,144173779;ALTRO;355,7179644;4,472921161;altro;altro;0,149259504;0
252;Pensionato;2;1;1;1;66;7;1;0;0,843672035;Prossimo alla Pensione;295,8831843;6,110688284;Caschetto;Protezione;0,260731119;0
253;Tassista;1;2;3;1;72;2;3;0;0,537170516;ALTRO;341,5563418;7,776739163;Bici Elettrica;Mobility;0,482503594;0
254;Pensionato;1;2;2;1;63;6;1;0;0,354700417;Pensionato;300,5702876;7,960138797;guantini ;Protezione;0,340297671;0
255;Tassista;1;2;2;1;66;7;1;0;0,543172953;ALTRO;207,3118569;7,328910879;altro;altro;0,454051083;0
256;Pensionato;2;2;1;1;70;0;2;1;0,259187862;ALTRO;217,749907;5,948198228;altro;altro;0,363217685;0
257;Tassista;1;1;1;1;72;4;3;0;0,990590572;ALTRO;80,79954796;5,140118456;Caschetto;Protezione;0,528721736;0
258;Pensionato;1;2;1;1;63;10;2;0;0,38558595;Prossimo alla Pensione;202,7490706;7,627629922;Bici Elettrica;Mobility;0,182452653;0
259;Tassista;1;1;4;1;70;3;1;0;0,600744636;Pensionato;94,94469266;4,183981514;guantini ;Protezione;0,258514705;0
260;Pensionato;2;1;1;1;71;2;2;1;0,892631046;ALTRO;173,2646359;6,516364775;altro;altro;0,229646582;0
261;Tassista;1;2;2;1;66;2;3;0;0,150339107;Prossimo alla Pensione;376,4028028;5,699141637;Bici Elettrica;Mobility;0,424299992;0
262;Pensionato;2;2;1;1;70;7;2;0;0,939555271;ALTRO;138,0100554;5,858568719;guantini ;Protezione;0,538360051;0
263;Pensionato;2;2;1;1;67;10;1;1;0,770916389;Prossimo alla Pensione;269,9282125;5,12384333;altro;altro;0,539742274;0
264;Pensionato;2;2;4;1;63;3;1;0;0,58934458;Prossimo alla Pensione;215,9454346;4,094906099;altro;altro;0,207518409;0
265;Tassista;1;2;2;1;70;8;2;0;0,107015148;ALTRO;95,20836389;6,489045144;altro;altro;0,282904728;0
266;Tassista;2;1;3;1;65;3;1;1;0,972861548;Pensionato;124,9220998;6,792700407;altro;altro;0,345517128;0
267;Pensionato;2;2;2;1;65;0;2;0;0,872220313;ALTRO;189,5167396;7,834717118;altro;altro;0,309138185;0
268;Pensionato;1;2;4;1;70;4;2;0;0,921108438;ALTRO;160,0584092;5,706236188;altro;altro;0,122577025;0
269;Pensionato;1;2;3;1;60;7;3;0;0,622075582;Pensionato;121,3382946;7,775433991;altro;altro;0,399231731;0
270;Tassista;1;1;1;1;68;4;1;0;0,223569106;Prossimo alla Pensione;313,8283247;4,330355874;altro;altro;0,479014235;0
271;Tassista;1;2;3;1;68;10;1;0;0,589437442;Prossimo alla Pensione;124,886009;6,520839831;altro;altro;0,278585012;0
272;Pensionato;2;1;4;1;69;7;3;0;0,416685892;Prossimo alla Pensione;335,3617205;7,578040247;guantini ;Protezione;0,26411097;0
273;Pensionato;1;1;3;1;69;9;2;0;0,521317327;Prossimo alla Pensione;359,4632793;7,052276256;altro;altro;0,41088352;0
274;Pensionato;2;1;3;1;68;6;3;0;0,284944067;Pensionato;347,2235614;4,592415961;Caschetto;Protezione;0,488834318;0
275;Pensionato;2;2;4;1;64;6;3;0;0,192394504;Prossimo alla Pensione;187,2309636;7,748500672;Bici Elettrica;Mobility;0,420362607;0
276;Tassista;2;2;4;1;59;5;2;0;0,210669858;Prossimo alla Pensione;285,8557115;5,389606525;guantini ;Protezione;0,130722598;0
277;Pensionato;2;1;3;1;70;0;2;0;0,344089607;Prossimo alla Pensione;390,5054487;6,194050302;altro;altro;0,413473892;0
278;Pensionato;2;1;1;1;73;7;3;0;0,902533729;Pensionato;226,6363599;6,611826376;altro;altro;0,164918765;0
279;Tassista;2;2;2;1;71;6;2;0;0,294209912;ALTRO;91,89440048;6,75984103;Caschetto;Protezione;0,18946913;0
280;Tassista;2;2;3;1;74;9;2;0;0,948736817;ALTRO;269,6078766;7,991368346;Bici Elettrica;Mobility;0,196912557;0
281;Tassista;1;1;2;1;74;1;1;0;0,115864053;Pensionato;146,7294529;7,087452477;guantini ;Protezione;0,547690613;0
282;Tassista;1;2;1;1;66;0;2;0;0,109690757;Pensionato;286,6425695;4,389348608;;;0,221039906;0
283;Tassista;1;2;2;1;65;10;2;0;0,546625705;Prossimo alla Pensione;148,2216087;6,168653327;Bici Elettrica;Mobility;0,473246513;0
284;Pensionato;1;2;2;1;65;9;2;0;0,716675826;ALTRO;287,9321412;6,049017447;guantini ;Protezione;0,190220576;0
285;Tassista;1;1;3;1;65;2;3;0;0,780139995;Prossimo alla Pensione;116,9069125;6,186211067;altro;altro;0,47868258;0
286;Tassista;2;2;3;1;72;7;3;0;0,813212855;ALTRO;251,2624983;6,959303499;altro;altro;0,523394565;0
287;Pensionato;2;1;2;1;65;7;2;0;0,73730248;Pensionato;159,4540953;4,027819276;altro;altro;0,538299258;0
288;Tassista;2;2;2;1;65;1;3;0;0,971924095;Prossimo alla Pensione;103,9922647;7,852476279;altro;altro;0,387317491;0
289;Tassista;2;1;2;1;59;8;2;1;0,285871269;ALTRO;114,2005652;5,035870547;altro;altro;0,563281148;0
290;Pensionato;2;1;3;1;59;7;2;0;0,794326899;ALTRO;373,2580536;7,249478065;altro;altro;0,584724419;0
291;Pensionato;2;1;2;1;66;6;3;0;0,408873639;Prossimo alla Pensione;165,3365722;7,691166898;altro;altro;0,578772868;0
292;Tassista;1;2;2;1;65;10;3;0;0,542721435;Pensionato;80,64672208;5,601739182;altro;altro;0,420633515;0
293;Tassista;2;1;2;1;63;3;1;0;0,319451307;Pensionato;50,47508096;4,844355914;altro;altro;0,152502476;0
294;Pensionato;2;2;4;1;60;1;2;0;0,20531853;Prossimo alla Pensione;298,6994383;6,871853047;guantini ;Protezione;0,360366671;0
295;Tassista;2;1;2;1;70;0;3;0;0,592108591;Pensionato;73,22958823;5,093350272;altro;altro;0,405311617;0
296;Pensionato;1;2;1;1;74;1;2;0;0,721310249;ALTRO;54,48264179;7,871628114;Caschetto;Protezione;0,375556606;0
297;Tassista;2;1;2;1;60;8;1;1;0,345801776;ALTRO;324,3207401;5,070111255;Bici Elettrica;Mobility;0,186238938;0
298;Pensionato;2;2;1;1;61;9;1;0;0,633936294;ALTRO;147,0361909;7,155221721;guantini ;Protezione;0,331471081;0
299;Pensionato;2;1;4;1;64;10;3;0;0,270166857;ALTRO;186,8268057;6,916273298;altro;altro;0,182340264;0
300;Pensionato;1;2;2;1;69;3;3;1;0,577161954;ALTRO;324,2905045;7,558015912;altro;altro;0,558751167;0
301;Pensionato;1;1;2;1;62;9;1;0;0,604926332;ALTRO;295,5137232;7,038474559;Caschetto;Protezione;0,314826849;0
302;Pensionato;2;1;1;1;67;8;3;0;0,263487462;Pensionato;357,4212335;4,054917849;Bici Elettrica;Mobility;0,23467897;0
303;Tassista;1;2;2;1;73;9;1;0;0,681753651;Pensionato;353,9486708;7,471717556;guantini ;Protezione;0,226817716;0
304;Tassista;1;1;1;1;65;3;1;0;0,836737031;Pensionato;174,003249;6,706417283;Bici Elettrica;Mobility;0,450699117;0
305;Tassista;2;1;3;1;60;9;1;0;0,139681888;Pensionato;252,7846614;5,764547723;guantini ;Protezione;0,371546336;0
306;Pensionato;2;2;4;1;64;5;1;0;0,878949455;ALTRO;228,6337019;4,776215272;altro;altro;0,177944852;0
307;Pensionato;2;1;4;1;63;6;2;1;0,681119195;ALTRO;262,5577848;6,571384222;altro;altro;0,215519655;0
308;Pensionato;2;1;2;1;73;8;3;0;0,859022039;ALTRO;344,9678103;7,169677473;altro;altro;0,270177249;0
309;Pensionato;2;1;3;1;66;5;3;0;0,615559302;ALTRO;335,4643912;5,108401264;altro;altro;0,526265898;0
310;Tassista;2;1;3;1;64;9;1;0;0,699734705;Prossimo alla Pensione;266,7281834;7,775517404;altro;altro;0,346013139;0
311;Tassista;1;1;3;1;74;6;1;0;0,104725729;ALTRO;198,0843943;4,400611857;altro;altro;0,347681536;0
312;Tassista;2;1;3;1;67;8;1;0;0,287901232;ALTRO;182,193796;6,918916572;altro;altro;0,147357579;0
313;Tassista;2;2;4;1;72;7;3;0;0,140935009;Prossimo alla Pensione;114,625635;5,709306401;altro;altro;0,459855873;0
314;Pensionato;2;1;3;1;69;0;2;0;0,114332897;Pensionato;100,3634554;4,426702247;altro;altro;0,467658297;0
315;Tassista;1;2;3;1;61;9;3;0;0,166758488;Prossimo alla Pensione;206,1523733;6,221955782;guantini ;Protezione;0,3918661;0
316;Tassista;1;2;2;1;62;8;3;0;0,973223646;ALTRO;260,0255256;4,813269874;altro;altro;0,121782047;0
317;Tassista;1;1;1;1;64;10;3;0;0,588536276;Prossimo alla Pensione;287,5455401;7,424299843;Caschetto;Protezione;0,473125134;0
318;Pensionato;2;1;1;1;59;9;2;0;0,640138426;ALTRO;319,2578092;6,541701408;Bici Elettrica;Mobility;0,214852992;0
319;Pensionato;2;2;1;1;60;7;2;0;0,203629595;Pensionato;377,8879739;7,828733749;guantini ;Protezione;0,58849892;0
320;Tassista;2;1;4;1;71;6;3;0;0,458983299;Prossimo alla Pensione;63,74639899;6,2490717;altro;altro;0,325212894;0
321;Tassista;2;2;4;1;64;5;1;0;0,544931934;Prossimo alla Pensione;204,7058974;6,531457152;altro;altro;0,431984194;0
322;Pensionato;2;1;4;1;74;3;1;0;0,538153888;ALTRO;187,5576685;4,888070477;Caschetto;Protezione;0,55577315;0
323;Tassista;2;1;1;1;61;0;3;1;0,56553701;ALTRO;228,5484768;5,530227425;Bici Elettrica;Mobility;0,337198379;0
324;Tassista;2;1;4;1;66;6;3;0;0,818268009;Prossimo alla Pensione;275,5984918;7,630199109;guantini ;Protezione;0,434077511;0
325;Tassista;2;1;4;1;69;7;2;1;0,342909387;ALTRO;365,4523585;6,759217568;Bici Elettrica;Mobility;0,548098107;0
326;Pensionato;2;1;4;1;65;9;2;0;0,168350527;ALTRO;159,2502667;4,220992985;guantini ;Protezione;0,455347063;0
327;Tassista;1;2;1;1;72;1;2;0;0,231883577;Pensionato;206,0135551;4,825120236;altro;altro;0,290717385;0
328;Tassista;2;1;3;1;66;6;3;0;0,706375061;ALTRO;228,5791548;7,391889905;altro;altro;0,157339654;0
329;Tassista;1;1;3;1;70;7;1;0;0,683614221;Prossimo alla Pensione;62,28506869;6,976108251;altro;altro;0,522812434;0
330;Tassista;2;1;1;1;59;8;1;0;0,332666673;Pensionato;47,1256869;5,900974054;altro;altro;0,235776556;0
331;Pensionato;1;2;4;1;61;8;1;0;0,559506106;Pensionato;372,4175575;4,007874183;altro;altro;0,147495252;0
332;Tassista;1;1;3;1;73;8;3;1;0,789220713;Prossimo alla Pensione;193,4942044;4,058317141;altro;altro;0,325652304;0
333;Tassista;1;2;1;1;70;9;1;0;0,374121934;Prossimo alla Pensione;233,5679034;6,755479378;altro;altro;0,308064988;0
334;Pensionato;1;1;1;1;59;4;1;0;0,890104413;Prossimo alla Pensione;119,0732848;7,934676034;altro;altro;0,411020282;0
335;Pensionato;1;1;4;1;70;4;1;0;0,968071283;Prossimo alla Pensione;392,1003263;6,342448529;altro;altro;0,330029263;0
336;Tassista;2;2;4;1;74;6;1;0;0,252165858;ALTRO;146,4944736;7,05032657;guantini ;Protezione;0,533062468;0
337;Tassista;2;1;3;1;67;1;2;0;0,78202062;Prossimo alla Pensione;294,9308741;5,669786896;altro;altro;0,42859909;0
338;Tassista;2;2;2;1;64;8;3;0;0,682078274;Pensionato;265,9016501;5,849376992;Caschetto;Protezione;0,429002223;0
339;Pensionato;2;1;2;1;67;2;1;0;0,525294094;ALTRO;306,9357403;5,038907375;Bici Elettrica;Mobility;0,16022341;0
340;Tassista;1;2;2;1;72;9;3;0;0,535674729;Prossimo alla Pensione;255,3156056;7,717578672;guantini ;Protezione;0,283481294;0
341;Pensionato;1;2;4;1;74;4;2;0;0,546886587;Prossimo alla Pensione;367,7137651;4,947516173;altro;altro;0,330921783;0
342;Tassista;2;2;1;1;74;2;2;0;0,992351177;Prossimo alla Pensione;226,1570517;4,080713817;altro;altro;0,203257595;0
343;Pensionato;2;1;4;1;63;4;2;0;0,139927632;Prossimo alla Pensione;221,3039372;5,543853845;Caschetto;Protezione;0,305363078;0
344;Pensionato;2;1;4;1;59;8;3;0;0,567630858;Prossimo alla Pensione;161,909351;4,453786558;Bici Elettrica;Mobility;0,262003868;0
345;Tassista;2;1;3;1;64;8;2;0;0,680907731;Pensionato;372,2418513;6,423439138;guantini ;Protezione;0,246828707;0
346;Pensionato;1;2;3;1;69;9;1;0;0,645041582;Prossimo alla Pensione;143,7229692;7,296419144;Bici Elettrica;Mobility;0,5138631;0
347;Pensionato;2;1;1;1;65;3;2;1;0,66674359;ALTRO;181,5768579;4,237112437;guantini ;Protezione;0,120002442;0
348;Tassista;1;2;1;1;63;1;3;0;0,579492796;Pensionato;103,9116597;4,133477029;altro;altro;0,349871363;0
349;Tassista;1;2;1;1;68;0;3;0;0,344913323;Pensionato;98,91517882;4,379879476;altro;altro;0,196720208;0
350;Pensionato;2;1;1;1;72;2;3;1;0,355269387;Prossimo alla Pensione;312,0335771;5,697007609;altro;altro;0,256530319;0
351;Pensionato;1;2;4;1;59;6;1;0;0,577955662;Prossimo alla Pensione;334,7704216;6,099212237;altro;altro;0,576741598;0
352;Tassista;2;2;2;1;60;10;3;0;0,815406258;ALTRO;182,4246726;4,171199981;altro;altro;0,298829478;0
353;Tassista;2;1;1;1;66;10;1;0;0,13875738;Prossimo alla Pensione;317,9493614;4,720616642;altro;altro;0,431114267;0
354;Tassista;2;1;3;1;66;3;2;0;0,832935421;Prossimo alla Pensione;90,49133609;6,993977968;altro;altro;0,431303339;0
355;Tassista;2;1;2;1;63;6;1;0;0,906300213;ALTRO;252,631226;7,392766877;altro;altro;0,37203725;0
356;Pensionato;2;2;1;1;71;7;1;1;0,834780617;Prossimo alla Pensione;233,7788012;5,998174628;altro;altro;0,310472611;0
357;Pensionato;1;2;2;1;74;1;1;0;0,551615161;ALTRO;258,5664517;7,365812738;guantini ;Protezione;0,44611825;0
358;Pensionato;1;1;3;1;72;3;3;0;0,947814333;Prossimo alla Pensione;187,6833137;5,031147928;altro;altro;0,563700628;0
359;Tassista;1;1;3;1;62;10;2;0;0,104664967;Prossimo alla Pensione;355,6389961;4,824145521;Caschetto;Protezione;0,118407442;0
360;Tassista;2;2;1;1;68;0;3;0;0,444668666;Prossimo alla Pensione;56,85032253;7,770405256;Bici Elettrica;Mobility;0,122005188;0
361;Tassista;1;2;3;1;61;4;3;0;0,610519203;Pensionato;176,5369739;6,469455759;guantini ;Protezione;0,318817067;0
362;Pensionato;1;2;4;1;74;5;1;0;0,252862025;Prossimo alla Pensione;210,3418676;6,385424625;altro;altro;0,222242626;0
363;Tassista;2;1;2;1;64;6;3;0;0,86285813;Prossimo alla Pensione;140,664177;5,31597411;altro;altro;0,21925587;0
364;Tassista;2;2;2;1;61;2;1;0;0,670550724;ALTRO;192,2254118;5,601164693;Caschetto;Protezione;0,578761735;0
365;Tassista;2;2;3;1;73;10;2;0;0,36379695;Pensionato;100,3213429;6,944769539;Bici Elettrica;Mobility;0,287599002;0
366;Pensionato;2;2;2;1;72;2;1;0;0,428808827;Prossimo alla Pensione;62,34768094;5,703630558;guantini ;Protezione;0,260025324;0
367;Pensionato;1;2;2;1;69;7;1;0;0,841414859;Pensionato;193,4495709;5,772565731;Bici Elettrica;Mobility;0,188021895;0
368;Tassista;1;1;3;1;71;3;3;0;0,66986554;ALTRO;232,891235;6,975160692;guantini ;Protezione;0,186587091;0
369;Pensionato;1;1;4;1;63;3;2;0;0,670476323;Prossimo alla Pensione;241,0752305;5,592162314;altro;altro;0,440021957;0
370;Tassista;1;1;3;1;63;9;1;1;0,550370014;Prossimo alla Pensione;182,2259224;6,607400279;altro;altro;0,505030697;0
371;Tassista;2;2;2;1;70;3;2;0;0,993025979;ALTRO;342,0428838;6,769687239;altro;altro;0,510674435;0
372;Tassista;1;2;3;1;64;4;1;0;0,866410449;ALTRO;35,0824497;6,398417744;altro;altro;0,593819145;0
373;Pensionato;2;1;1;1;60;5;3;0;0,866082921;Prossimo alla Pensione;364,3537624;6,965006945;altro;altro;0,2435936;0
374;Tassista;2;1;1;1;68;0;1;1;0,236895469;Prossimo alla Pensione;296,428525;6,703585503;altro;altro;0,219074851;0
375;Pensionato;1;1;1;1;61;9;1;0;0,486199518;Pensionato;66,88060794;7,175749093;altro;altro;0,591632221;0
376;Tassista;1;2;3;1;70;9;2;0;0,263407814;Prossimo alla Pensione;166,351635;5,001861996;altro;altro;0,409786829;0
377;Pensionato;2;1;1;1;62;7;2;0;0,270111407;Pensionato;279,795229;6,651474934;altro;altro;0,53998434;0
378;Pensionato;1;1;2;1;69;4;1;0;0,475569718;Pensionato;380,598383;7,132200514;guantini ;Protezione;0,366647986;0
379;Pensionato;2;1;3;1;73;6;3;0;0,521927742;Prossimo alla Pensione;89,18874609;7,207462938;altro;altro;0,13107602;0
380;Pensionato;1;2;4;1;74;2;2;0;0,711298616;Prossimo alla Pensione;219,4490394;7,553074824;Caschetto;Protezione;0,171964008;0
381;Tassista;2;1;3;1;64;1;3;0;0,376791927;Prossimo alla Pensione;121,9102062;7,081615878;Bici Elettrica;Mobility;0,191913246;0
382;Pensionato;2;1;1;1;62;4;1;0;0,871312044;Pensionato;335,9836429;7,14607902;guantini ;Protezione;0,144758628;0
383;Tassista;2;1;3;1;68;0;2;0;0,488776855;Prossimo alla Pensione;69,3941044;7,696138019;altro;altro;0,112207671;0
384;Tassista;1;1;3;1;69;4;1;0;0,859470532;Pensionato;319,7894118;7,57293701;altro;altro;0,399684222;0
385;Tassista;1;1;4;1;60;2;1;0;0,304183407;Pensionato;173,6869435;7,806874569;Caschetto;Protezione;0,267337172;0
386;Tassista;2;1;4;1;63;1;2;0;0,372920462;Prossimo alla Pensione;99,19394764;6,211018894;Bici Elettrica;Mobility;0,16727821;0
387;Tassista;2;1;2;1;63;3;1;1;0,591373329;Prossimo alla Pensione;133,6414075;6,385499021;guantini ;Protezione;0,228944007;0
388;Tassista;1;2;4;1;69;6;3;1;0,97670992;Prossimo alla Pensione;339,290279;5,864288225;Bici Elettrica;Mobility;0,104320924;0
389;Pensionato;2;2;1;1;61;10;1;0;0,44046336;Pensionato;294,861562;6,890168229;guantini ;Protezione;0,171921558;0
390;Pensionato;2;2;3;1;68;10;3;1;0,465938257;Pensionato;186,2921276;7,529249919;altro;altro;0,229170032;0
391;Pensionato;2;2;4;1;64;7;3;0;0,768168828;ALTRO;31,76703479;4,868247877;altro;altro;0,258680319;0
392;Tassista;2;1;4;1;65;6;3;0;0,116046864;Prossimo alla Pensione;342,2862834;6,725523801;altro;altro;0,166943633;0
393;Pensionato;1;1;3;1;67;0;3;0;0,492423691;ALTRO;329,2441689;4,559860776;altro;altro;0,111014574;0
394;Pensionato;1;1;4;1;73;4;3;0;0,595896022;Prossimo alla Pensione;206,1027098;5,516353372;altro;altro;0,34676512;0
395;Tassista;1;2;1;1;61;6;3;0;0,185299022;ALTRO;290,6088057;7,796663813;altro;altro;0,142997492;0
396;Pensionato;2;2;1;1;74;6;2;0;0,353669686;ALTRO;111,844588;4,833340205;altro;altro;0,468289337;0
397;Pensionato;2;2;3;1;71;7;2;0;0,847484472;Prossimo alla Pensione;370,5403842;7,230997989;altro;altro;0,331332794;0
398;Tassista;1;2;4;1;59;4;3;0;0,668259658;Pensionato;228,2469188;5,848977003;altro;altro;0,170118059;0
399;Tassista;1;1;3;1;59;1;3;0;0,346510391;Prossimo alla Pensione;351,8093001;4,821461737;guantini ;Protezione;0,431529767;0
